"scenario","tas","deltaC"
"ssp126",9.20637584055212,0.919750073722275
"ssp370",11.2963852151012,3.00975944827137
"ssp585",11.7327469421952,3.44612117536532
